{
  "moderation": [
    {
      "name": "/moderation user kick",
      "description": "Kick a member from the server",
      "category": "moderation",
      "permissions": ["Kick Members"],
      "required_args": [
        {"name": "member", "description": "Member to kick"}
      ],
      "optional_args": [
        {"name": "reason", "description": "Reason for kick"}
      ]
    },
    {
      "name": "/moderation user ban",
      "description": "Ban a member or user ID",
      "category": "moderation",
      "permissions": ["Ban Members"],
      "required_args": [
        {"name": "target", "description": "User mention or ID"}
      ],
      "optional_args": [
        {"name": "duration", "description": "Duration (e.g., 7d, 1h)"},
        {"name": "reason", "description": "Reason for ban"}
      ]
    },
    {
      "name": "/moderation user unban",
      "description": "Unban a user",
      "category": "moderation",
      "permissions": ["Ban Members"],
      "required_args": [
        {"name": "user_id", "description": "User ID to unban"}
      ],
      "optional_args": [
        {"name": "reason", "description": "Reason for unban"}
      ]
    },
    {
      "name": "/moderation user mute",
      "description": "Mute a member",
      "category": "moderation",
      "permissions": ["Moderate Members"],
      "required_args": [
        {"name": "member", "description": "Member to mute"}
      ],
      "optional_args": [
        {"name": "duration", "description": "Duration (e.g., 1h, 30m)"},
        {"name": "reason", "description": "Reason for mute"}
      ]
    },
    {
      "name": "/moderation user unmute",
      "description": "Unmute a member",
      "category": "moderation",
      "permissions": ["Moderate Members"],
      "required_args": [
        {"name": "member", "description": "Member to unmute"}
      ],
      "optional_args": [
        {"name": "reason", "description": "Reason for unmute"}
      ]
    },
    {
      "name": "/moderation user timeout",
      "description": "Timeout a member",
      "category": "moderation",
      "permissions": ["Moderate Members"],
      "required_args": [
        {"name": "member", "description": "Member to timeout"}
      ],
      "optional_args": [
        {"name": "duration", "description": "Duration (e.g., 10m, 1h)"},
        {"name": "reason", "description": "Reason for timeout"}
      ]
    },
    {
      "name": "/moderation user untimeout",
      "description": "Remove timeout from a member",
      "category": "moderation",
      "permissions": ["Moderate Members"],
      "required_args": [
        {"name": "member", "description": "Member to untimeout"}
      ],
      "optional_args": [
        {"name": "reason", "description": "Reason for untimeout"}
      ]
    },
    {
      "name": "/moderation user warn",
      "description": "Warn a member",
      "category": "moderation",
      "permissions": ["Kick Members"],
      "required_args": [
        {"name": "member", "description": "Member to warn"}
      ],
      "optional_args": [
        {"name": "reason", "description": "Reason for warning"}
      ]
    },
    {
      "name": "/moderation warnings view",
      "description": "View warnings for a user",
      "category": "moderation",
      "permissions": ["Kick Members"],
      "required_args": [
        {"name": "user", "description": "User to check warnings for"}
      ],
      "optional_args": []
    },
    {
      "name": "/moderation channel slowmode",
      "description": "Set channel slowmode",
      "category": "moderation",
      "permissions": ["Manage Channels"],
      "required_args": [
        {"name": "delay", "description": "Slowmode delay in seconds"}
      ],
      "optional_args": []
    },
    {
      "name": "/moderation channel nuke",
      "description": "Delete and recreate channel",
      "category": "moderation",
      "permissions": ["Manage Channels"],
      "required_args": [],
      "optional_args": [
        {"name": "channel", "description": "Channel to nuke (defaults to current)"}
      ]
    },
    {
      "name": "/moderation channel lock",
      "description": "Lock a channel",
      "category": "moderation",
      "permissions": ["Manage Channels"],
      "required_args": [],
      "optional_args": [
        {"name": "channel", "description": "Channel to lock (defaults to current)"}
      ]
    },
    {
      "name": "/moderation channel unlock",
      "description": "Unlock a channel",
      "category": "moderation",
      "permissions": ["Manage Channels"],
      "required_args": [],
      "optional_args": [
        {"name": "channel", "description": "Channel to unlock (defaults to current)"}
      ]
    },
    {
      "name": "/moderation snipe deleted",
      "description": "View deleted messages",
      "category": "moderation",
      "permissions": ["Manage Messages"],
      "required_args": [],
      "optional_args": [
        {"name": "index", "description": "Message index (1-75)"}
      ]
    },
    {
      "name": "/moderation snipe edited",
      "description": "View edited messages",
      "category": "moderation",
      "permissions": ["Manage Messages"],
      "required_args": [],
      "optional_args": [
        {"name": "index", "description": "Message index (1-75)"}
      ]
    },
    {
      "name": "/moderation clear messages",
      "description": "Bulk delete messages",
      "category": "moderation",
      "permissions": ["Manage Messages"],
      "required_args": [
        {"name": "amount", "description": "Number of messages to delete (1-100)"}
      ],
      "optional_args": [
        {"name": "user", "description": "Only delete messages from this user"}
      ]
    }
  ],
  "channels": [
    {
      "name": "/channels create text",
      "description": "Create a new text channel",
      "category": "channels",
      "permissions": ["Manage Channels"],
      "required_args": [
        {"name": "name", "description": "Channel name"}
      ],
      "optional_args": [
        {"name": "category", "description": "Category for the channel"}
      ]
    },
    {
      "name": "/channels create voice",
      "description": "Create a new voice channel",
      "category": "channels",
      "permissions": ["Manage Channels"],
      "required_args": [
        {"name": "name", "description": "Channel name"}
      ],
      "optional_args": [
        {"name": "category", "description": "Category for the channel"}
      ]
    },
    {
      "name": "/channels create category",
      "description": "Create a new category",
      "category": "channels",
      "permissions": ["Manage Channels"],
      "required_args": [
        {"name": "name", "description": "Category name"}
      ],
      "optional_args": []
    },
    {
      "name": "/channels delete",
      "description": "Delete a channel or category",
      "category": "channels",
      "permissions": ["Manage Channels"],
      "required_args": [],
      "optional_args": [
        {"name": "channel", "description": "Channel to delete (defaults to current)"}
      ]
    },
    {
      "name": "/channels clone",
      "description": "Clone a channel or category",
      "category": "channels",
      "permissions": ["Manage Channels"],
      "required_args": [],
      "optional_args": [
        {"name": "channel", "description": "Channel to clone (defaults to current)"}
      ]
    },
    {
      "name": "/channels protect nuke",
      "description": "Protect a channel from nuke commands",
      "category": "channels",
      "permissions": ["Administrator"],
      "required_args": [],
      "optional_args": [
        {"name": "channel", "description": "Channel to protect (defaults to current)"}
      ]
    },
    {
      "name": "/channels protect snipe",
      "description": "Protect a channel from snipe commands",
      "category": "channels",
      "permissions": ["Administrator"],
      "required_args": [],
      "optional_args": [
        {"name": "channel", "description": "Channel to protect (defaults to current)"}
      ]
    },
    {
      "name": "/channels unprotect nuke",
      "description": "Remove nuke protection from a channel",
      "category": "channels",
      "permissions": ["Administrator"],
      "required_args": [],
      "optional_args": [
        {"name": "channel", "description": "Channel to unprotect (defaults to current)"}
      ]
    },
    {
      "name": "/channels unprotect snipe",
      "description": "Remove snipe protection from a channel",
      "category": "channels",
      "permissions": ["Administrator"],
      "required_args": [],
      "optional_args": [
        {"name": "channel", "description": "Channel to unprotect (defaults to current)"}
      ]
    },
    {
      "name": "/channels list",
      "description": "List protected channels",
      "category": "channels",
      "permissions": ["Manage Channels"],
      "required_args": [],
      "optional_args": [
        {"name": "protection_type", "description": "Type: all, nuke, or snipe"}
      ]
    }
  ],
  "roles": [
    {
      "name": "/roles add",
      "description": "Give a role to a user",
      "category": "roles",
      "permissions": ["Manage Roles"],
      "required_args": [
        {"name": "user", "description": "User to give the role to"},
        {"name": "role", "description": "Role to give"}
      ],
      "optional_args": [
        {"name": "duration", "description": "How long to give the role (e.g., 1d, 12h)"},
        {"name": "reason", "description": "Reason for giving the role"}
      ]
    },
    {
      "name": "/roles remove",
      "description": "Remove a role from a user",
      "category": "roles",
      "permissions": ["Manage Roles"],
      "required_args": [
        {"name": "user", "description": "User to remove the role from"},
        {"name": "role", "description": "Role to remove"}
      ],
      "optional_args": [
        {"name": "reason", "description": "Reason for removing the role"}
      ]
    }
  ],
  "utility": [
    {
      "name": "/utility ping",
      "description": "Check the bot's connection speed to Discord",
      "category": "utility",
      "permissions": [],
      "required_args": [],
      "optional_args": []
    },
    {
      "name": "/utility botinfo",
      "description": "See information about the bot",
      "category": "utility",
      "permissions": [],
      "required_args": [],
      "optional_args": []
    },
    {
      "name": "/utility avatar",
      "description": "See someone's profile picture",
      "category": "utility",
      "permissions": [],
      "required_args": [],
      "optional_args": [
        {"name": "user", "description": "User whose avatar to show (defaults to you)"}
      ]
    },
    {
      "name": "/utility afk",
      "description": "Let people know you are away from keyboard",
      "category": "utility",
      "permissions": [],
      "required_args": [],
      "optional_args": [
        {"name": "reason", "description": "Reason for being AFK"}
      ]
    }
  ],
  "giveaway": [
    {
      "name": "/giveaway start",
      "description": "Start a new giveaway",
      "category": "giveaway",
      "permissions": ["Manage Guild"],
      "required_args": [
        {"name": "duration", "description": "How long the giveaway runs (e.g., 1h, 1d)"},
        {"name": "winners", "description": "Number of winners (1-20)"},
        {"name": "prize", "description": "What the prize is"}
      ],
      "optional_args": []
    },
    {
      "name": "/giveaway end",
      "description": "End a giveaway early",
      "category": "giveaway",
      "permissions": ["Manage Guild"],
      "required_args": [
        {"name": "message_id", "description": "Message ID of the giveaway"}
      ],
      "optional_args": []
    }
  ],
  "selfroles": [
    {
      "name": "/selfroles button",
      "description": "Create a button-based self-role menu",
      "category": "selfroles",
      "permissions": ["Manage Roles"],
      "required_args": [],
      "optional_args": [
        {"name": "channel", "description": "Channel to send the menu to"}
      ]
    },
    {
      "name": "/selfroles dropdown",
      "description": "Create a dropdown-based self-role menu",
      "category": "selfroles",
      "permissions": ["Manage Roles"],
      "required_args": [],
      "optional_args": [
        {"name": "channel", "description": "Channel to send the menu to"}
      ]
    },
    {
      "name": "/selfroles list",
      "description": "Show all self-role menus in this server",
      "category": "selfroles",
      "permissions": ["Manage Roles"],
      "required_args": [],
      "optional_args": []
    },
    {
      "name": "/selfroles delete",
      "description": "Delete a self-role menu",
      "category": "selfroles",
      "permissions": ["Manage Roles"],
      "required_args": [
        {"name": "menu_id", "description": "ID of the menu to delete"}
      ],
      "optional_args": []
    }
  ],
  "leveling": [
    {
      "name": "/level rank",
      "description": "View your or someone else's rank",
      "category": "leveling",
      "permissions": [],
      "required_args": [],
      "optional_args": [
        {"name": "user", "description": "User to check rank for"}
      ]
    },
    {
      "name": "/level leaderboard",
      "description": "See who has the most XP on the server",
      "category": "leveling",
      "permissions": [],
      "required_args": [],
      "optional_args": [
        {"name": "page", "description": "Page number to view"}
      ]
    }
  ],
  "tags": [
    {
      "name": "/tag create",
      "description": "Create a new tag",
      "category": "tags",
      "permissions": [],
      "required_args": [
        {"name": "name", "description": "Tag name"},
        {"name": "content", "description": "Tag content"}
      ],
      "optional_args": []
    },
    {
      "name": "/tag show",
      "description": "Display a tag",
      "category": "tags",
      "permissions": [],
      "required_args": [
        {"name": "name", "description": "Tag name"}
      ],
      "optional_args": []
    },
    {
      "name": "/tag edit",
      "description": "Edit an existing tag",
      "category": "tags",
      "permissions": [],
      "required_args": [
        {"name": "name", "description": "Tag name"},
        {"name": "content", "description": "New content"}
      ],
      "optional_args": []
    },
    {
      "name": "/tag delete",
      "description": "Delete a tag",
      "category": "tags",
      "permissions": [],
      "required_args": [
        {"name": "name", "description": "Tag name"}
      ],
      "optional_args": []
    },
    {
      "name": "/tag list",
      "description": "List all tags in the server",
      "category": "tags",
      "permissions": [],
      "required_args": [],
      "optional_args": [
        {"name": "page", "description": "Page number"}
      ]
    }
  ],
  "antinuke": [
    {
      "name": "/antinuke setup",
      "description": "Set up anti-nuke protection",
      "category": "antinuke",
      "permissions": ["Administrator"],
      "required_args": [],
      "optional_args": []
    },
    {
      "name": "/antinuke whitelist add",
      "description": "Add user to anti-nuke whitelist",
      "category": "antinuke",
      "permissions": ["Administrator"],
      "required_args": [
        {"name": "user", "description": "User to whitelist"}
      ],
      "optional_args": []
    },
    {
      "name": "/antinuke whitelist remove",
      "description": "Remove user from anti-nuke whitelist",
      "category": "antinuke",
      "permissions": ["Administrator"],
      "required_args": [
        {"name": "user", "description": "User to remove from whitelist"}
      ],
      "optional_args": []
    }
  ],
  "suggestions": [
    {
      "name": "/suggestions panel",
      "description": "Set up a suggestions channel",
      "category": "suggestions",
      "permissions": ["Manage Guild"],
      "required_args": [
        {"name": "channel", "description": "Channel for suggestions"}
      ],
      "optional_args": []
    },
    {
      "name": "/suggestions approve",
      "description": "Approve a suggestion",
      "category": "suggestions",
      "permissions": ["Manage Guild"],
      "required_args": [
        {"name": "message_id", "description": "Suggestion message ID"}
      ],
      "optional_args": [
        {"name": "reason", "description": "Approval reason"}
      ]
    },
    {
      "name": "/suggestions deny",
      "description": "Deny a suggestion",
      "category": "suggestions",
      "permissions": ["Manage Guild"],
      "required_args": [
        {"name": "message_id", "description": "Suggestion message ID"}
      ],
      "optional_args": [
        {"name": "reason", "description": "Denial reason"}
      ]
    }
  ]
}